{"version":35,"hash":{"type":"Buffer","data":"rw2Or9/6LlmJlpIiE9BzHW0VIihavAyAc8XTlpHCo3+JFAzq1Eq70MhVH0bM3iQU/Mud2GwkM+AjfGYHEsijmCzJ2wAkRfbgZdXIxZHFbzC/qEh0jP2q7eLrZM9rDa+7AK0zXgjFSFPIPLpiEA8/Nlqb6Hahzkb6ort+7+9v77Q="},"indexValueMap":{"BomYUNqnf3Xm4OR9ofsqPJ0+gQzBJePkI9b+UKbXNBs=":{"valueMac":{"type":"Buffer","data":"p3OZG/sQ1HH9QXlwdU4x1HAxL4Mj13xr/h5E6Krscv0="}},"eX8bzLhGf0Q0mkTqkPNx+YPN2SW44qCi3w6yFXRjOM0=":{"valueMac":{"type":"Buffer","data":"WJqp3d300Y+TU3mxtuo0Lo1CXECBv/o0HIbLT9aJqD4="}},"e+5wx9MiC/cvAyzHBIafDkiwAPcJMYXJ13f3mHHSKww=":{"valueMac":{"type":"Buffer","data":"FhOz4ryXVJ55VbpiiGEbeqy6ENTqb7GtyQ7dg2k4/VY="}},"mNMY9O5lysyeKYBC6KNz0xx9e7rmTJoAV2fD7k7RWjE=":{"valueMac":{"type":"Buffer","data":"6aPgCjNTfyOPpOAWlRKylp4rmDxvzrxuVzLPoJkmoB4="}},"nTxiqrSZM8ZIYVN9hiTTM8KMPFdEEuPqzg6rmzSwteU=":{"valueMac":{"type":"Buffer","data":"9zFDkzT33aE4OO+P4xaSE0gA7NCFg4sKHsF6KfJuPnQ="}},"qSBehYJzzwAHYuQ4BawmGHJPmUW5GBuuDEnqAEOjuA0=":{"valueMac":{"type":"Buffer","data":"wa0PwCBC+iICmkLkzBvKaQ5Unom1nio/KPZ73ApnWt0="}},"qrGlaXnD0Euh/8lDsD6jDc/0suFatDFZ/0Ot9lnNGoc=":{"valueMac":{"type":"Buffer","data":"8dH8d8rRnextb1PR9XK4MaIXG3WgdIq5+OudoH8PWpE="}},"yNxv7/Ven7+hUWez5AXZ5uuTaJ8j0qffavXcGGhq+fk=":{"valueMac":{"type":"Buffer","data":"agedTMEHwyQakjifAQjQQhkGjGX3OIki4/SpUMfzpHA="}},"1U91tCAhnRISb78iL8dS1R8wxk1Ls6PVG508yYdNv8I=":{"valueMac":{"type":"Buffer","data":"zYuxuN7wI+gj+NxxJYE4giUKRIJXaU2x1bJsuohNPD4="}},"2VtvexbQ3dbES4dhyCaclSZbzMv64h21zVgJDDldbIg=":{"valueMac":{"type":"Buffer","data":"u+jXtzVBbqDFVcIFwZONhMFUXHmyzS2kh7kYXO9eOqM="}},"2elRQuXcTjrFDkKXJ6dXxP39xXDle/bgYfBilqxYarU=":{"valueMac":{"type":"Buffer","data":"lCU9PirM9NdCkF8YrTccv1QKVYSirzZe0g/kJn8IQnU="}},"6e2wKx+LbVjw57mIb9j/GVUUW6UrDPoa1wmSFbx6OW8=":{"valueMac":{"type":"Buffer","data":"8KZ+UWA2LidQLGv1WW40gxlPvAolqpATc4/zyX/FasU="}},"YcK42t/U/tLq0N07o0Vo4U6uumBM68RS+U4C7kPWe/g=":{"valueMac":{"type":"Buffer","data":"b8H4UGGko1t+KS/rKOai1agdXkZEqfReBU1e6R/qYSo="}},"mfHHs+isgth2mOdB4AHih6yKSTtRJJqX4EnC2pHAk7s=":{"valueMac":{"type":"Buffer","data":"PRsR4xL6PW32cTaDQW9rW86aAxq+dMfDJC/Dr3HJynk="}},"wIgtDQU47+dtocWYTo/y/OWDWgc9e/kwhx3DbFfdLNg=":{"valueMac":{"type":"Buffer","data":"p/7QwW8P5UXvSooJCjDtp2Uue3geM+jVyb+6TPTzALA="}},"wRGzGuXZ2+BXGMFF+qpcaJqN8C4UHslZfR0SUwwaX9o=":{"valueMac":{"type":"Buffer","data":"2cFGn3rGIYwAKn/CtYFU84QAlwqh+RrVBly59uUgMuU="}},"KrOKe+e70nq3njnXm4S2bKFXOvRJzwfWJjNP6jtKHz0=":{"valueMac":{"type":"Buffer","data":"gpQLvUQwjGa+QfXGhhbDRxoDqShH5Bx1jPWlb/VqXfg="}},"8/Glz4pg0tM0C2hxj76pnXmvygu6b7C+cNexA9uLONU=":{"valueMac":{"type":"Buffer","data":"3waCWuR1gER1HqDK1W9Xu+9tZhRuuvWH+HCnT92DQEw="}},"qquDp3N1e79l0eMiFpb3TH0RlculznGVh0XxPDu/SqI=":{"valueMac":{"type":"Buffer","data":"j0TjNd2krAAkxZqP9l1SUFnvTL7gVd4AcZC/CSNwBFs="}},"PHCTGWqWOe7R8ICAOwrScTIjsWoEc2loYp4kpkv32Qs=":{"valueMac":{"type":"Buffer","data":"7HQSN4Pw8tRdhszh4AnpkJj4woVp2JJAWXxTPMZr3d4="}},"1/cAwl04pOgYoT40a1BW0MORur1zwq1TN+oEGL4d8HY=":{"valueMac":{"type":"Buffer","data":"+C7GuUpH5Lf1FwrVIyZNdL4Z+eXmLCO090wjslKN4+g="}},"W+7Qe+1g+km4dBd6F0+Y5NrGCduqSownGlLyl+Lpans=":{"valueMac":{"type":"Buffer","data":"dwwYEW6qA6u76edCSpk5WmnKjRTPH/o8yriplQgOwTA="}},"sHE7X/mtTS3TE78WbjKmp9Bi+QWL7u2uHyA8i0ZnkBQ=":{"valueMac":{"type":"Buffer","data":"fkV1bvYzACnL86AnfSCogZMgtkVlKaeIzNSH1EypKyk="}},"ekNWduzeB5zof5ztdqQXxAVFaX7vFlknSoqmvYflMNs=":{"valueMac":{"type":"Buffer","data":"sSJzaHJ+kyWotTc2smCoH6lxMN2GcJKyCz8b46Huskw="}}}}