{"version":11,"hash":{"type":"Buffer","data":"3B2jdNVxeqCztOTw+T9mPvPeA/E4xLOemR7a5bxgOjHZIYLbwt6fjE3KxdB/fw7zDqEBnxSSPnnXkIbe6INzdaaoj0ECPuILfTpXsNfMkaF2TsZCVtnqFmPBVThSK3HTVQre4mHXYCkpPmFos0+mfH+QrkGRIK6t62JEKWiwxy8="},"indexValueMap":{"Odtyv7FCW/QxQOOTMdOE/l+DWym/VBl956jxcAo0s7k=":{"valueMac":{"type":"Buffer","data":"JvBIe4TOodUWFofSS/TelPtbdA1dQ21mrPvKS8f9znA="}},"lQwKfdeRWlrzqyPaysPDP7rHIlPHzNWCEeeXs3U/4dY=":{"valueMac":{"type":"Buffer","data":"NqHNCiRyIYph9elt56S0mINhC+G1E7wPbbmSAxEgtdo="}},"+lTrEdbXAxy02Lj34X6/kY0Jznc75uBuyDz83InadSA=":{"valueMac":{"type":"Buffer","data":"DSb4+g8LoA2dnSeAVI+WziC8ZOHRSJICyg8QvUEVIx0="}},"IkAya6gaJd6gd3n/8TKDT52YpCLjdM1+treJx0lSebY=":{"valueMac":{"type":"Buffer","data":"c2LrwNEIyZwv1Scy8hj+yFzhX4vt9YFjRBwZNl7id0M="}},"GG1TNzOvEoL/fiAAiGvgoB/6gYTXq5dzSvFOAUzCTkw=":{"valueMac":{"type":"Buffer","data":"/ioKzENcrYyC/JnW2OHMdu/guMzgBnz3IZheM5D6Nzg="}},"c79ucwU1HFpyoELdNA3TgEhzdWb0tHQ+FLkmvRVFe94=":{"valueMac":{"type":"Buffer","data":"rViyRzg5IEx+7Is9RK0R1v77nn9Gn/UVNtGbvVzSZiY="}}}}