{"noiseKey":{"private":{"type":"Buffer","data":"6Fxcrry6YwgwHUvBMq9GJMH4jA/nOTX6CP0cDmhpC1Y="},"public":{"type":"Buffer","data":"KFS55vF7Ss9YkE5eQ3pEKE6SYeWcTLffuq34vrsS5iE="}},"pairingEphemeralKeyPair":{"private":{"type":"Buffer","data":"sHzo6AlGMSYvU9xyusYzul4eC1555pK2jObJ2PQUY2k="},"public":{"type":"Buffer","data":"pTZeZ/r4xKyJW0JGnLLrWfLd+34wp6qdFOMR3XmMg3Y="}},"signedIdentityKey":{"private":{"type":"Buffer","data":"0OC/gN1f4hZet1/KPnM7qFoB7JyNTZPX31nfXoBW+nQ="},"public":{"type":"Buffer","data":"aae/MgdS/QfA4SgD81CVMKamepv3A/sObR++dEm27AI="}},"signedPreKey":{"keyPair":{"private":{"type":"Buffer","data":"cAX8VBwqd4kllzVESJZMikPWRBUArZUNAzfnh9dlC38="},"public":{"type":"Buffer","data":"XCcynvDoVl6mzXWQMIo485z64CPPF6NWqZ5BNT+cijY="}},"signature":{"type":"Buffer","data":"v3tW7WiX4fLJ/AEIyNQY3ik94VN80P0pXVnvYPQMZUPZW6+rixqsnU4watHGjhXahfyHu5JtXhI/VsxCOS/DCw=="},"keyId":1},"registrationId":10,"advSecretKey":"O03MzZ5749S075pO7bXOHQSzWo8bo0AKenMYtgVmZKU=","processedHistoryMessages":[{"key":{"remoteJid":"5491123857770@s.whatsapp.net","fromMe":true,"id":"DAEC52727D621BCE65DC3D1EC7F08C19"},"messageTimestamp":1756941931},{"key":{"remoteJid":"5491123857770@s.whatsapp.net","fromMe":true,"id":"4E476750EED39E127D0AF3B481EA13C1"},"messageTimestamp":1756941932},{"key":{"remoteJid":"5491123857770@s.whatsapp.net","fromMe":true,"id":"9C45D61D848917ED2E936F87DFFB0A8A"},"messageTimestamp":1756941946}],"nextPreKeyId":33,"firstUnuploadedPreKeyId":33,"accountSyncCounter":1,"accountSettings":{"unarchiveChats":false},"registered":false,"lastPropHash":"3R9Z39","routingInfo":{"type":"Buffer","data":"CAUIDQ=="},"account":{"details":"CIbjl4gBEOSc48UGGAwgACgA","accountSignatureKey":"PqPry2bY/JUHDjgOrkgiHpsHj0YFBPpIdVxaH1Vd0iM=","accountSignature":"rooz8JcUKp04+wmGrln2CfgVBFCwkzVAni1SUbzejMabCtItqWbvqyPeCMl0bO+KhxWk0A/2OcR8lqGvELmjDQ==","deviceSignature":"08CEHkrmGayFXoeyl7pcOfRM0cvlxNv144HcKIuJCz2OE2+KrNX+d+PwUsDdp4J6ogYcP4UejMq1MPxiLkrdCg=="},"me":{"id":"5491123857770:16@s.whatsapp.net","name":"BOT-MD","jid":"5491123857770@s.whatsapp.net","lid":"66379357139057:16@lid"},"signalIdentities":[{"identifier":{"name":"5491123857770:16@s.whatsapp.net","deviceId":0},"identifierKey":{"type":"Buffer","data":"BT6j68tm2PyVBw44Dq5IIh6bB49GBQT6SHVcWh9VXdIj"}}],"platform":"smba","lastAccountSyncTimestamp":1756955292,"myAppStateKeyId":"AAAAAPbb"}