{"_sessions":{"BcA1NPZs9pQ1nOQNnbvDi5XPHfeTh/GEFW5d+ZLfUykl":{"registrationId":312428129,"currentRatchet":{"ephemeralKeyPair":{"pubKey":"BY+GKEz1PkUP/hpFbFywczbCVSc0UQi2OBEW7NrRi9M2","privKey":"GGwa3iubEbf6fETSgVdEU3EfJdWGroPSA/NB7m/3c20="},"lastRemoteEphemeralKey":"BRQgW6HFUvw3vKg74V/EHV/6TBhgLCgS/EoeDV+Ln0tR","previousCounter":0,"rootKey":"VUJIEnT9M7qwNNeIYTaGHE0L4NEKBGTUd7u6Bdf+F4o="},"indexInfo":{"baseKey":"BcA1NPZs9pQ1nOQNnbvDi5XPHfeTh/GEFW5d+ZLfUykl","baseKeyType":2,"closed":-1,"used":1756957277830,"created":1756957277830,"remoteIdentityKey":"BWxU8Ws1hmNpn3q7N6yFOaDoD3em9yryRTnH94QxWRhH"},"_chains":{"BRQgW6HFUvw3vKg74V/EHV/6TBhgLCgS/EoeDV+Ln0tR":{"chainKey":{"counter":0,"key":"f1Z8kOV9L6k3tnxfh5GypOg3Tt7Vvpnem9n0vtz2vP8="},"chainType":2,"messageKeys":{}},"BY+GKEz1PkUP/hpFbFywczbCVSc0UQi2OBEW7NrRi9M2":{"chainKey":{"counter":1,"key":"AibL8qCW6L6qkemeCEnE8u0GYKP0OeFOlsD6TuEd10M="},"chainType":1,"messageKeys":{}}}}},"version":"v1"}