{"_sessions":{"BVAqxCiP4ms0xp+ydOOIWTmSXF/UcvTZN7vtg1iv/Acc":{"registrationId":48,"currentRatchet":{"ephemeralKeyPair":{"pubKey":"Be0OBET+UAaDjSCFqObwbrL4EnqLTLG0Us+HJ7uktDVr","privKey":"MJAr3vCEHOnib1bAWH36dnOCD93yF4xQO1jv6y3c2kE="},"lastRemoteEphemeralKey":"BZ4ofnvzd8A40Ou28IGzE7fo5mgbZxqxQk4S2oLMMMww","previousCounter":0,"rootKey":"m0zaK5G/K1L63XWxfgk5eSm0kI4uRkE3YlxshUUic7Q="},"indexInfo":{"baseKey":"BVAqxCiP4ms0xp+ydOOIWTmSXF/UcvTZN7vtg1iv/Acc","baseKeyType":1,"closed":1756957281404,"used":1756957281259,"created":1756957281259,"remoteIdentityKey":"BdQ+Biq6u6YJUbTRu79aLMwPOEE2jjhap3GjErxuXSNQ"},"_chains":{"Be0OBET+UAaDjSCFqObwbrL4EnqLTLG0Us+HJ7uktDVr":{"chainKey":{"counter":0,"key":"jB9G6C3fGbHbEFeNdXkKNhnpTX88N12sVht+o5KQ9S0="},"chainType":1,"messageKeys":{}}},"pendingPreKey":{"signedKeyId":1,"baseKey":"BVAqxCiP4ms0xp+ydOOIWTmSXF/UcvTZN7vtg1iv/Acc"}},"BQjpBk/UoZ08Xh706w4B0kiNTZgI3Hxmh+61VuekbKV9":{"registrationId":48,"currentRatchet":{"ephemeralKeyPair":{"pubKey":"BWNgFBQxs9S0hIROMdMtjIsrAIGOOFvNRAgRpLKte5cH","privKey":"gPublK8ovSx/witDJVmKH/0WUfGeuVQFCs8SEiDdRlA="},"lastRemoteEphemeralKey":"BZ4ofnvzd8A40Ou28IGzE7fo5mgbZxqxQk4S2oLMMMww","previousCounter":0,"rootKey":"CuOBiFvCAP06Pxhy6+gAcaz3a1wOjUSjoWShNwNi9E0="},"indexInfo":{"baseKey":"BQjpBk/UoZ08Xh706w4B0kiNTZgI3Hxmh+61VuekbKV9","baseKeyType":1,"closed":-1,"used":1756957281392,"created":1756957281392,"remoteIdentityKey":"BdQ+Biq6u6YJUbTRu79aLMwPOEE2jjhap3GjErxuXSNQ"},"_chains":{"BWNgFBQxs9S0hIROMdMtjIsrAIGOOFvNRAgRpLKte5cH":{"chainKey":{"counter":0,"key":"HRbzYa62cGMqenDD4MfGrTOO5hAC1aJ3RIw9tuR9RWo="},"chainType":1,"messageKeys":{}}},"pendingPreKey":{"signedKeyId":1,"baseKey":"BQjpBk/UoZ08Xh706w4B0kiNTZgI3Hxmh+61VuekbKV9"}}},"version":"v1"}