{"_sessions":{"BTx3SZUUawo7AqRe98HksYkhrNNdBnHfenBX3HqtHxsX":{"registrationId":312428129,"currentRatchet":{"ephemeralKeyPair":{"pubKey":"BeCK7oXBLTPiDfQFP09DSIybWLRwDUH21kapsAjkXV5y","privKey":"cPIyIcw5sZfi+chdV6TAYWU/1rvFuO9Dg3u0EzDQClk="},"lastRemoteEphemeralKey":"BZVCd2vDrIcV+ueAnyeErgJCMIN0CPlJr2z4ABUGHxQs","previousCounter":0,"rootKey":"qnKYIlaMOrGq8Vb9YmgY7ltqhjsJPZNL3oiaAdlNmUU="},"indexInfo":{"baseKey":"BTx3SZUUawo7AqRe98HksYkhrNNdBnHfenBX3HqtHxsX","baseKeyType":2,"closed":-1,"used":1756957251270,"created":1756941959174,"remoteIdentityKey":"BWxU8Ws1hmNpn3q7N6yFOaDoD3em9yryRTnH94QxWRhH"},"_chains":{"BXqIjRfRUmCdPKkB0kxUt+uwnEijmqkEOZquD2QicT8S":{"chainKey":{"counter":0},"chainType":2,"messageKeys":{}},"BS3bQ6Z6hSI1zq2aisqce53/u1zb3pOgA7K84Bj6gKAx":{"chainKey":{"counter":0},"chainType":2,"messageKeys":{}},"BYjMvdQ0sCCF0aErQ70b7CteEdW1fC8yeZTfmwzWR69K":{"chainKey":{"counter":0},"chainType":2,"messageKeys":{}},"BRNhlRAFc9CAY6eQOsj2+wrFx3vIAvCxNaYLB3b0eEMi":{"chainKey":{"counter":0},"chainType":2,"messageKeys":{}},"BQA2Qscf0I///bxXX5P04uLHzXQSpoBL9F4AEyS0Xt4Z":{"chainKey":{"counter":0},"chainType":2,"messageKeys":{}},"BWjO+1YbPZrgUmqzbMW1qLqhlm1cCCkvld5a71xIMsd+":{"chainKey":{"counter":0},"chainType":2,"messageKeys":{}},"BUxUEUyP/99XBbtSYOfV49/NcxUuTujYrN07wSJObydS":{"chainKey":{"counter":0},"chainType":2,"messageKeys":{}},"BXFnMaKL8PaWaBSkmty3h4aTb51eACSh5r4k9X4E8op/":{"chainKey":{"counter":0},"chainType":2,"messageKeys":{}},"BWNmfujrKro6dqudyAxQMheZ8YFkmNsDl/jHB35nf00x":{"chainKey":{"counter":0},"chainType":2,"messageKeys":{}},"BUEulVPKPj/xKhrIr/WA3ErQHmaq0PUEblsQpT6PrqIe":{"chainKey":{"counter":0},"chainType":2,"messageKeys":{}},"BSYEihx9NnzImW5mx3CVNG6zM+GbZEzZkxFwbswQR0c6":{"chainKey":{"counter":0},"chainType":2,"messageKeys":{}},"BW0EiFeiK8LmbcShHjyYRecvgRs7yrg/89TcQGYbUNYN":{"chainKey":{"counter":0},"chainType":2,"messageKeys":{}},"BevhFighlp/X7gp+EIK/qyNM4vkfIwwByyvXynDdc1gT":{"chainKey":{"counter":0},"chainType":2,"messageKeys":{}},"BQVVkj0h1IY7ehZzEHKbhyFbh+f6TSDEVmOeT42W29pz":{"chainKey":{"counter":2},"chainType":2,"messageKeys":{}},"BQeGH8UMQXLcNWlRJ8qcPXlSqc26qeuF7tTuLQYKeGMY":{"chainKey":{"counter":0},"chainType":2,"messageKeys":{}},"BQQpeQPGd0mW8dM85DmyVoCGN0CpTQwQW4sGvFw0cMNN":{"chainKey":{"counter":0},"chainType":2,"messageKeys":{}},"BaI/pC2IG1s/qaRaG7TwMo5auLX+Wl8avQl6aiDHOG54":{"chainKey":{"counter":1},"chainType":2,"messageKeys":{}},"BdocTSVkTCcDpQ8f7F9xBhsGP3nGAWBktiro5xq8LH4j":{"chainKey":{"counter":0},"chainType":2,"messageKeys":{}},"BbXhwSANI/W9bJPL4sAhMvQ/QqjQg3TgMCbIbXfgbHEx":{"chainKey":{"counter":0},"chainType":2,"messageKeys":{}},"BQvAl3ctgptOy2L1S80SN7z+6/vBS1DUQ7nhWdKgaswe":{"chainKey":{"counter":1},"chainType":2,"messageKeys":{}},"Beyt7kx1zp5O4JNLSeRW8iK0wFG7/l5Ht3yfJVEOvp4b":{"chainKey":{"counter":0},"chainType":2,"messageKeys":{}},"Bd+ewjrUGJ0Bbk8MT/kngc1h90EcpN4+cwYi2KA2gqBK":{"chainKey":{"counter":0},"chainType":2,"messageKeys":{}},"Bc+BRT3HPXJLSCTnB4ABWXjLYjT/GC3qne4bEqT/CQFt":{"chainKey":{"counter":0},"chainType":2,"messageKeys":{}},"BdaCY2gwSUv25JgaP4hnXDoF00tEPDmPgjrkaaEvvfso":{"chainKey":{"counter":0},"chainType":2,"messageKeys":{}},"BZYGdiTTX5C1xMUNbCFl0CPV2URfNtlgDWbX9PWAiHZH":{"chainKey":{"counter":0},"chainType":2,"messageKeys":{}},"BUcQWY/24xj3mDMVJMX3sgaQ2DWBL/C2vdMwSfqtF6UW":{"chainKey":{"counter":0},"chainType":2,"messageKeys":{}},"BbaFsUU8sOm4UFYSH77LxOul0F6QQ846N8c9CBLKJ2Rb":{"chainKey":{"counter":0},"chainType":2,"messageKeys":{}},"BaSlMqTFCClEQ9PG0OCE5OSuJXIBuyUzaJ7hZvzzzBsn":{"chainKey":{"counter":0},"chainType":2,"messageKeys":{}},"BXzqoBjyFOKktl0QyfAwczQ8+iAJIcndtQ8ogVxZgjY7":{"chainKey":{"counter":1},"chainType":2,"messageKeys":{}},"BdUoq88M76hTj6Z1oYI/QXnfJPIUnXnr41m2xtJhDahX":{"chainKey":{"counter":0},"chainType":2,"messageKeys":{}},"BQj8jhn4LZPVHP2cUGP3bbj8Cp3WmWORufAG8S+5iYQf":{"chainKey":{"counter":0},"chainType":2,"messageKeys":{}},"BbbVMwhqC6voxBPEzOuxfNcMr2Cwhi3uemBfolDh8pV3":{"chainKey":{"counter":0},"chainType":2,"messageKeys":{}},"BaGejGekOOSbptgY0WtgSsQ7bO8zirf6806rHoi/kn57":{"chainKey":{"counter":2},"chainType":2,"messageKeys":{}},"Bfb7NvQUpStGSSQJvHgi5JuVphwpHwfsmJ2fFPOYDmMR":{"chainKey":{"counter":0},"chainType":2,"messageKeys":{}},"BaHv+oLMFjvpdEpBsfNEwAFTe2/jv7Kr+IsqeygvOsAU":{"chainKey":{"counter":1},"chainType":2,"messageKeys":{}},"BdRW9qHneForOinklvE4EwmHRAd7cyl02ip8sIHc1fw6":{"chainKey":{"counter":0},"chainType":2,"messageKeys":{}},"BZVCd2vDrIcV+ueAnyeErgJCMIN0CPlJr2z4ABUGHxQs":{"chainKey":{"counter":1,"key":"rlu3nNNshQoYCuaVGZGUkAa/UtqLQbRP4nlAzmcKkso="},"chainType":2,"messageKeys":{}},"BeCK7oXBLTPiDfQFP09DSIybWLRwDUH21kapsAjkXV5y":{"chainKey":{"counter":0,"key":"zc/IhoSLZHbOmdd/BrcSaLSR1P3JavbF/58Z+70XuqA="},"chainType":1,"messageKeys":{}}}}},"version":"v1"}