{"_sessions":{"BeQL8q1iJADJLRohKTnjqV3cXiMAiXRGlVa0vITWUhZm":{"registrationId":428515,"currentRatchet":{"ephemeralKeyPair":{"pubKey":"BWEdw92nd37O9gmt4DDejVz90sKWVb9MdsPjIw9NjVQR","privKey":"cCb009RphEMdVzoCjNGVoRrGWX+jIPYq0FOOLmgX7nw="},"lastRemoteEphemeralKey":"BfPWKi3x6+Ex9W5HkzE/U2zodJMzb9OrodzLTX++ORc3","previousCounter":0,"rootKey":"UIqtz4NF135kTN/ahNLzMTIhsW2O4NK01i5/w8DlLFI="},"indexInfo":{"baseKey":"BeQL8q1iJADJLRohKTnjqV3cXiMAiXRGlVa0vITWUhZm","baseKeyType":2,"closed":-1,"used":1756955693102,"created":1756955693102,"remoteIdentityKey":"BT6j68tm2PyVBw44Dq5IIh6bB49GBQT6SHVcWh9VXdIj"},"_chains":{"BfPWKi3x6+Ex9W5HkzE/U2zodJMzb9OrodzLTX++ORc3":{"chainKey":{"counter":0,"key":"oR6zaSoG1AMuvTGwvD8fSv3Hh+dFW7qSDyzw4uIgS4Q="},"chainType":2,"messageKeys":{}},"BWEdw92nd37O9gmt4DDejVz90sKWVb9MdsPjIw9NjVQR":{"chainKey":{"counter":1,"key":"MExkUt/Z+7evVymFyjUaEyJAhkuuo769mjeD9PmtQh4="},"chainType":1,"messageKeys":{}}}}},"version":"v1"}