{"_sessions":{"BUq3XMuWYcvDxpgJSAD9SDEUQ239Lne1jaWVxcz37edf":{"registrationId":238,"currentRatchet":{"ephemeralKeyPair":{"pubKey":"BdVjLu/m2e5bI8y9V3d0lGJBfhkMmBIpksazCyG/28NL","privKey":"qEaOyVaFZRR+Aa0WCIh5fGbYCO71G/ihwQSqcqZDz0U="},"lastRemoteEphemeralKey":"BfF9VhmRdToA1MPwrgO7zlynccCwNYn1E9oV2XfebThp","previousCounter":0,"rootKey":"yp+cZ/SUQFD4TCT2aVt0LKz7c6u85z9B0Jt32nX451Y="},"indexInfo":{"baseKey":"BUq3XMuWYcvDxpgJSAD9SDEUQ239Lne1jaWVxcz37edf","baseKeyType":1,"closed":-1,"used":1756941963516,"created":1756941963516,"remoteIdentityKey":"BdVFccaAiM04qG5wB/lsvTofuIIUfk2jf4dy7gipM8gY"},"_chains":{"BdVjLu/m2e5bI8y9V3d0lGJBfhkMmBIpksazCyG/28NL":{"chainKey":{"counter":100,"key":"erzcTDrx+3FtHpib3NuKvEDtX42lIRbPZqC7Ytn4u6g="},"chainType":1,"messageKeys":{}}},"pendingPreKey":{"signedKeyId":1,"baseKey":"BUq3XMuWYcvDxpgJSAD9SDEUQ239Lne1jaWVxcz37edf"}}},"version":"v1"}