{"_sessions":{"BdqgiUxvBcOVRheG6/5mC2s6307lIgxNU60vkv/xWSc9":{"registrationId":238,"currentRatchet":{"ephemeralKeyPair":{"pubKey":"BY5K5ekiJW9Y0ktdV6kroKzmVNpoKsfEclPZFNuIdeVf","privKey":"mFcOUGDB9BA5uqEa8sULc2kKgcEQ8ZHC9EQQ15htkX8="},"lastRemoteEphemeralKey":"BfF9VhmRdToA1MPwrgO7zlynccCwNYn1E9oV2XfebThp","previousCounter":0,"rootKey":"6jYl39sVrNdVmgJePkvmA++tpxOuWJkdP7ZkKrMshfw="},"indexInfo":{"baseKey":"BdqgiUxvBcOVRheG6/5mC2s6307lIgxNU60vkv/xWSc9","baseKeyType":1,"closed":1756957281403,"used":1756957281255,"created":1756957281255,"remoteIdentityKey":"BdVFccaAiM04qG5wB/lsvTofuIIUfk2jf4dy7gipM8gY"},"_chains":{"BY5K5ekiJW9Y0ktdV6kroKzmVNpoKsfEclPZFNuIdeVf":{"chainKey":{"counter":0,"key":"c9p9xTpDkwoceEB6TxlNbIhCC+IgYiUg214vcI+gEG4="},"chainType":1,"messageKeys":{}}},"pendingPreKey":{"signedKeyId":1,"baseKey":"BdqgiUxvBcOVRheG6/5mC2s6307lIgxNU60vkv/xWSc9"}},"BRy1PXqdXnkMo+sGhY7+lrfVzdBArUyzeEmAAfFKlD1f":{"registrationId":238,"currentRatchet":{"ephemeralKeyPair":{"pubKey":"BUfg/kGZMszJ3ezr1z/ba0YRz/mH5egvQbToE6DUdqUO","privKey":"AIOSRxB7rbVrC7bCRErtkCvP5+4Vvdc+wti6UdqjU3s="},"lastRemoteEphemeralKey":"BfF9VhmRdToA1MPwrgO7zlynccCwNYn1E9oV2XfebThp","previousCounter":0,"rootKey":"OhzOXt4QFBM0vJfqIYmF4Vs1l2b5tq+z4f23GoK0VsQ="},"indexInfo":{"baseKey":"BRy1PXqdXnkMo+sGhY7+lrfVzdBArUyzeEmAAfFKlD1f","baseKeyType":1,"closed":-1,"used":1756957281388,"created":1756957281388,"remoteIdentityKey":"BdVFccaAiM04qG5wB/lsvTofuIIUfk2jf4dy7gipM8gY"},"_chains":{"BUfg/kGZMszJ3ezr1z/ba0YRz/mH5egvQbToE6DUdqUO":{"chainKey":{"counter":0,"key":"fve8uaqUPEdncLvRgjN07rjeRKznVd4ZZfaf3f3h5rk="},"chainType":1,"messageKeys":{}}},"pendingPreKey":{"signedKeyId":1,"baseKey":"BRy1PXqdXnkMo+sGhY7+lrfVzdBArUyzeEmAAfFKlD1f"}}},"version":"v1"}