{"_sessions":{"BfrL+XAA7AZfUMebh6haPWlyeyiazOSzHjoakWwVfzlV":{"registrationId":16,"currentRatchet":{"ephemeralKeyPair":{"pubKey":"BfG8Q8Kl4YB7+srofbvXUJOerZBeUiCpl/DM4WIiwRcW","privKey":"yLBL9wZoOVWL3QDPtFpp4gy3IpVCz4IRi4am45faJHk="},"lastRemoteEphemeralKey":"BR36JRpo4xFxC2SdsuoPN7ELtCKi0ibeFJpl1DuMfiJ6","previousCounter":0,"rootKey":"/eGF7AY1BhZon4VZJGNBi7IkUVtNcAR9iikqinw6Jbk="},"indexInfo":{"baseKey":"BfrL+XAA7AZfUMebh6haPWlyeyiazOSzHjoakWwVfzlV","baseKeyType":1,"closed":1756941970809,"used":1756941963533,"created":1756941963533,"remoteIdentityKey":"Bf1+WVcSmXKMaleNPTx+FT+Y1MJYYGvPSb3XIhswVgIz"},"_chains":{"BfG8Q8Kl4YB7+srofbvXUJOerZBeUiCpl/DM4WIiwRcW":{"chainKey":{"counter":2,"key":"YisdQyFbCyBgnWuu6tE6qZcTnq80Z6D4DsFnKQxfmXA="},"chainType":1,"messageKeys":{}}},"pendingPreKey":{"signedKeyId":1,"baseKey":"BfrL+XAA7AZfUMebh6haPWlyeyiazOSzHjoakWwVfzlV","preKeyId":13}},"BfPOpNnM/7Cq6YK+oSDa2okTzXYmi3+zRkVv3E+z5SJG":{"registrationId":16,"currentRatchet":{"ephemeralKeyPair":{"pubKey":"BX1JQvqyL163VJz1e9GUjebawn3cq9JYhQXCykXZBOAx","privKey":"INZFB4H1r3bNfa97zK7HJGKmz0LAAILPCJMIT90bVks="},"lastRemoteEphemeralKey":"BR36JRpo4xFxC2SdsuoPN7ELtCKi0ibeFJpl1DuMfiJ6","previousCounter":0,"rootKey":"52wvvilqDcgFnakyCuFScGbVojVFvlVgCDyezBUdyxs="},"indexInfo":{"baseKey":"BfPOpNnM/7Cq6YK+oSDa2okTzXYmi3+zRkVv3E+z5SJG","baseKeyType":1,"closed":1756941976067,"used":1756941970808,"created":1756941970808,"remoteIdentityKey":"Bf1+WVcSmXKMaleNPTx+FT+Y1MJYYGvPSb3XIhswVgIz"},"_chains":{"BX1JQvqyL163VJz1e9GUjebawn3cq9JYhQXCykXZBOAx":{"chainKey":{"counter":-1,"key":"RCfvXZiFJxPaZ1fg9KMipLM9YzB2AoHgQsgrG8t2aYE="},"chainType":1,"messageKeys":{}}},"pendingPreKey":{"signedKeyId":1,"baseKey":"BfPOpNnM/7Cq6YK+oSDa2okTzXYmi3+zRkVv3E+z5SJG","preKeyId":24}},"BVuO8SgIKoxr1JzXh5080G5gYaL5WuPffy4nPPC7LTpZ":{"registrationId":16,"currentRatchet":{"ephemeralKeyPair":{"pubKey":"BS8c1O7/Jkqae6RRSrTEgk/1Vdx3cgr0nO6yfDVFRts+","privKey":"GNOhipqomyB1nm6raZJDE9jqWR0I2XhRqgMV/clE+0Y="},"lastRemoteEphemeralKey":"BR36JRpo4xFxC2SdsuoPN7ELtCKi0ibeFJpl1DuMfiJ6","previousCounter":0,"rootKey":"Af2OsuUNx2Q96IFbTc/GXG7o89ofKn/fiQiVZMY6ihk="},"indexInfo":{"baseKey":"BVuO8SgIKoxr1JzXh5080G5gYaL5WuPffy4nPPC7LTpZ","baseKeyType":1,"closed":1756942013586,"used":1756941976065,"created":1756941976065,"remoteIdentityKey":"Bf1+WVcSmXKMaleNPTx+FT+Y1MJYYGvPSb3XIhswVgIz"},"_chains":{"BS8c1O7/Jkqae6RRSrTEgk/1Vdx3cgr0nO6yfDVFRts+":{"chainKey":{"counter":1,"key":"z8c1HgbdyGORSPNwoxlUbaIGMxfr5ShyuGRUnH8jBYc="},"chainType":1,"messageKeys":{}}},"pendingPreKey":{"signedKeyId":1,"baseKey":"BVuO8SgIKoxr1JzXh5080G5gYaL5WuPffy4nPPC7LTpZ","preKeyId":30}},"BaleGzJFwWoWGVPDhU3dcd9Vb3uiWkb58uf3rpi95j4n":{"registrationId":16,"currentRatchet":{"ephemeralKeyPair":{"pubKey":"BQnxWl5mpIr5KjL8b4560+qmC3VZY+FGYzLlLs3KwRQI","privKey":"eAQJa7p+bk6+RYsuaJix9bLe0f1NVKbhtSAiRYfJxnY="},"lastRemoteEphemeralKey":"BR36JRpo4xFxC2SdsuoPN7ELtCKi0ibeFJpl1DuMfiJ6","previousCounter":0,"rootKey":"dbwACpdpkEDMzroJPIpSoFyj9J/rtKHcZpzJD75DkZo="},"indexInfo":{"baseKey":"BaleGzJFwWoWGVPDhU3dcd9Vb3uiWkb58uf3rpi95j4n","baseKeyType":1,"closed":1756942063714,"used":1756942013585,"created":1756942013585,"remoteIdentityKey":"Bf1+WVcSmXKMaleNPTx+FT+Y1MJYYGvPSb3XIhswVgIz"},"_chains":{"BQnxWl5mpIr5KjL8b4560+qmC3VZY+FGYzLlLs3KwRQI":{"chainKey":{"counter":1,"key":"XMMYFk1lwQAf94xuKl+bxt5PhjkGCspKvxC4kpiZJ4Q="},"chainType":1,"messageKeys":{}}},"pendingPreKey":{"signedKeyId":1,"baseKey":"BaleGzJFwWoWGVPDhU3dcd9Vb3uiWkb58uf3rpi95j4n","preKeyId":8}},"BZWK8+jnAz4NMxoRiIDMwtsVatOwSp3rsuoYxcvuZ2Bj":{"registrationId":16,"currentRatchet":{"ephemeralKeyPair":{"pubKey":"BTrFHwa6x2cqXk/UOMS3L7VkVA8md/64b6oW5iBWLVx8","privKey":"sOFouXXW313+H9rjgaHyR9YDwADWAyX+eQuBucOf2UA="},"lastRemoteEphemeralKey":"BR36JRpo4xFxC2SdsuoPN7ELtCKi0ibeFJpl1DuMfiJ6","previousCounter":0,"rootKey":"Xfpc1ayP5p3hCuT7vQwr7sv8kFKQfzkPBalSlU42VEU="},"indexInfo":{"baseKey":"BZWK8+jnAz4NMxoRiIDMwtsVatOwSp3rsuoYxcvuZ2Bj","baseKeyType":1,"closed":1756942081540,"used":1756942063712,"created":1756942063712,"remoteIdentityKey":"Bf1+WVcSmXKMaleNPTx+FT+Y1MJYYGvPSb3XIhswVgIz"},"_chains":{"BTrFHwa6x2cqXk/UOMS3L7VkVA8md/64b6oW5iBWLVx8":{"chainKey":{"counter":3,"key":"rhrSKcBK6aR+wjR7GEm4l8f8/knwFpUY64oxUVvucBA="},"chainType":1,"messageKeys":{}}},"pendingPreKey":{"signedKeyId":1,"baseKey":"BZWK8+jnAz4NMxoRiIDMwtsVatOwSp3rsuoYxcvuZ2Bj","preKeyId":26}},"BQlIg9r7veKMJ2QQZ2sXmnnbnS1rHSUqdDs/THFW2BUF":{"registrationId":16,"currentRatchet":{"ephemeralKeyPair":{"pubKey":"BfDEZcTYNSRAy1E3HkoYY825spyFxNsAIIzDsSt6jNQG","privKey":"sIWQcsB5Wggay0yF+Nj90DyH5O4Sy/BB+xrSe8qDSk8="},"lastRemoteEphemeralKey":"BR36JRpo4xFxC2SdsuoPN7ELtCKi0ibeFJpl1DuMfiJ6","previousCounter":0,"rootKey":"ZkRt6kFFJMw8T8zMBbbzSNi2dehXJzSbDsaIu65kVCg="},"indexInfo":{"baseKey":"BQlIg9r7veKMJ2QQZ2sXmnnbnS1rHSUqdDs/THFW2BUF","baseKeyType":1,"closed":1756942086809,"used":1756942081538,"created":1756942081538,"remoteIdentityKey":"Bf1+WVcSmXKMaleNPTx+FT+Y1MJYYGvPSb3XIhswVgIz"},"_chains":{"BfDEZcTYNSRAy1E3HkoYY825spyFxNsAIIzDsSt6jNQG":{"chainKey":{"counter":-1,"key":"7v/06sYeToFhw8GuVDSAyNtU1ooSGJ7fWKj2diyRUn0="},"chainType":1,"messageKeys":{}}},"pendingPreKey":{"signedKeyId":1,"baseKey":"BQlIg9r7veKMJ2QQZ2sXmnnbnS1rHSUqdDs/THFW2BUF","preKeyId":4}},"BdOa0ze4ra+YdRuA5R+02kENpB3JvpTRQGSvwmnQxtZs":{"registrationId":16,"currentRatchet":{"ephemeralKeyPair":{"pubKey":"BYNnSQ+4ZgjL+XOP22GhkdLWyqHm6KV7VkYjEo5eVQ5e","privKey":"YJLKByDj+A3yIlgVoTK0hW6KWTVwy6qW6lraNEe91HY="},"lastRemoteEphemeralKey":"BR36JRpo4xFxC2SdsuoPN7ELtCKi0ibeFJpl1DuMfiJ6","previousCounter":0,"rootKey":"hBUlJfAm8Jwsg4N/oi7mcNpbPthNuRn66F2+NFHR2gE="},"indexInfo":{"baseKey":"BdOa0ze4ra+YdRuA5R+02kENpB3JvpTRQGSvwmnQxtZs","baseKeyType":1,"closed":1756942149347,"used":1756942086807,"created":1756942086807,"remoteIdentityKey":"Bf1+WVcSmXKMaleNPTx+FT+Y1MJYYGvPSb3XIhswVgIz"},"_chains":{"BYNnSQ+4ZgjL+XOP22GhkdLWyqHm6KV7VkYjEo5eVQ5e":{"chainKey":{"counter":1,"key":"0ON2Oy4SR+jC57TGc8F8EMSHteVKdYbL57GwbBtcQto="},"chainType":1,"messageKeys":{}}},"pendingPreKey":{"signedKeyId":1,"baseKey":"BdOa0ze4ra+YdRuA5R+02kENpB3JvpTRQGSvwmnQxtZs","preKeyId":21}},"BViqQI5PcplSz9+riMDwqCW+QcwnnictUpN2+iA6COY0":{"registrationId":16,"currentRatchet":{"ephemeralKeyPair":{"pubKey":"BdGZ65ZxXPVgZbviUB5YtbbR/xzTGhPBHfd3m4ALZUc/","privKey":"uMDL7jn3Ma89Ot+KlvDNniup80AAgPNxENAdlJGqs3M="},"lastRemoteEphemeralKey":"BR36JRpo4xFxC2SdsuoPN7ELtCKi0ibeFJpl1DuMfiJ6","previousCounter":0,"rootKey":"56naB4XV+QpQU/jTcwOFCOO2qCdBUSX9IPdiCXbqx8w="},"indexInfo":{"baseKey":"BViqQI5PcplSz9+riMDwqCW+QcwnnictUpN2+iA6COY0","baseKeyType":1,"closed":1756942162987,"used":1756942149346,"created":1756942149346,"remoteIdentityKey":"Bf1+WVcSmXKMaleNPTx+FT+Y1MJYYGvPSb3XIhswVgIz"},"_chains":{"BdGZ65ZxXPVgZbviUB5YtbbR/xzTGhPBHfd3m4ALZUc/":{"chainKey":{"counter":1,"key":"jk6JAU0HF9BkeBe8f9Sk4J43eaVyo9rSayoTmZQA20I="},"chainType":1,"messageKeys":{}}},"pendingPreKey":{"signedKeyId":1,"baseKey":"BViqQI5PcplSz9+riMDwqCW+QcwnnictUpN2+iA6COY0","preKeyId":6}},"BUn+BQeAjwJxAwcze2piUsGNb4QstSOGIV+POdrxX8UM":{"registrationId":16,"currentRatchet":{"ephemeralKeyPair":{"pubKey":"BW/5RdgYekgVpqPkpntiv1rcta9BFCaboQI8C5QFRg0S","privKey":"WHSsTDeNTJAN6y2sluKNOuV3YsbzZhcguvR1rXhV7X4="},"lastRemoteEphemeralKey":"BR36JRpo4xFxC2SdsuoPN7ELtCKi0ibeFJpl1DuMfiJ6","previousCounter":0,"rootKey":"4Q+R0SMmMJekXTn89jMhqlOAx5wtNlxuTayqKqwvm44="},"indexInfo":{"baseKey":"BUn+BQeAjwJxAwcze2piUsGNb4QstSOGIV+POdrxX8UM","baseKeyType":1,"closed":1756942178718,"used":1756942162985,"created":1756942162985,"remoteIdentityKey":"Bf1+WVcSmXKMaleNPTx+FT+Y1MJYYGvPSb3XIhswVgIz"},"_chains":{"BW/5RdgYekgVpqPkpntiv1rcta9BFCaboQI8C5QFRg0S":{"chainKey":{"counter":1,"key":"bd2RDlmpu5kMki2iCyQjw0eHdcNH0uuxlvDz+VhUt2c="},"chainType":1,"messageKeys":{}}},"pendingPreKey":{"signedKeyId":1,"baseKey":"BUn+BQeAjwJxAwcze2piUsGNb4QstSOGIV+POdrxX8UM","preKeyId":2}},"BUasxS2hipypAThVFazM/hQJVbbw/0pJV2P4mAbYnO5G":{"registrationId":16,"currentRatchet":{"ephemeralKeyPair":{"pubKey":"BaIeEBIOf8sipGy8nQz3zZHWZ8p1+RQtMSp2FNwqhpc4","privKey":"YNpCVD1knfYe6Vph1ZfqMdp1ZZS7v7hvKm1QYjHL/Ww="},"lastRemoteEphemeralKey":"BR36JRpo4xFxC2SdsuoPN7ELtCKi0ibeFJpl1DuMfiJ6","previousCounter":0,"rootKey":"uURSlfnMPoI/+c7vkm00U6AHCWa1aUuKpeAFu5ohSQ8="},"indexInfo":{"baseKey":"BUasxS2hipypAThVFazM/hQJVbbw/0pJV2P4mAbYnO5G","baseKeyType":1,"closed":1756942188424,"used":1756942178716,"created":1756942178716,"remoteIdentityKey":"Bf1+WVcSmXKMaleNPTx+FT+Y1MJYYGvPSb3XIhswVgIz"},"_chains":{"BaIeEBIOf8sipGy8nQz3zZHWZ8p1+RQtMSp2FNwqhpc4":{"chainKey":{"counter":3,"key":"EjIzVIXsLFccP1n8ifQwyWB2jY6lgWmdgSJzkiamONk="},"chainType":1,"messageKeys":{}}},"pendingPreKey":{"signedKeyId":1,"baseKey":"BUasxS2hipypAThVFazM/hQJVbbw/0pJV2P4mAbYnO5G","preKeyId":12}},"BZTelJTrXIVlyY5RKyfPZ6BvzSaE2xPzH+GZu3Wn6Ggc":{"registrationId":16,"currentRatchet":{"ephemeralKeyPair":{"pubKey":"Bejd7iebRNYD19ZOPAQQeAtjNuAE7eA1wzQv70hsn3ht","privKey":"kHKJAgaCRhfqaE1DnV9ehIbcoLfi75WDyLdYzGpopl0="},"lastRemoteEphemeralKey":"BR36JRpo4xFxC2SdsuoPN7ELtCKi0ibeFJpl1DuMfiJ6","previousCounter":0,"rootKey":"0fNCG9M6lQx8PgdrdZGnmv9L1S/fU6J5IWbVvQ5K26Q="},"indexInfo":{"baseKey":"BZTelJTrXIVlyY5RKyfPZ6BvzSaE2xPzH+GZu3Wn6Ggc","baseKeyType":1,"closed":1756942193679,"used":1756942188422,"created":1756942188422,"remoteIdentityKey":"Bf1+WVcSmXKMaleNPTx+FT+Y1MJYYGvPSb3XIhswVgIz"},"_chains":{"Bejd7iebRNYD19ZOPAQQeAtjNuAE7eA1wzQv70hsn3ht":{"chainKey":{"counter":-1,"key":"mu7CxquTSwzSQiXNNNQbmrE1tNIfisfzrKrVp57HGWo="},"chainType":1,"messageKeys":{}}},"pendingPreKey":{"signedKeyId":1,"baseKey":"BZTelJTrXIVlyY5RKyfPZ6BvzSaE2xPzH+GZu3Wn6Ggc","preKeyId":9}},"BeUmVeCv0Z2k9pGM0ANE/a+q0AskSnXIsobRfFI8PIIW":{"registrationId":16,"currentRatchet":{"ephemeralKeyPair":{"pubKey":"BTJGomppBL4k7vTYiigJQZCBb7ZHABrmRDuqWtkuHbkk","privKey":"8D5nqG6R3QV36jKmM3sORPcpHgaC40qWIZhlrU8LWUc="},"lastRemoteEphemeralKey":"BR36JRpo4xFxC2SdsuoPN7ELtCKi0ibeFJpl1DuMfiJ6","previousCounter":0,"rootKey":"1Y3g7WdCsONusqbeuTyywQKRapkgSvPv87Hm1PVXkA4="},"indexInfo":{"baseKey":"BeUmVeCv0Z2k9pGM0ANE/a+q0AskSnXIsobRfFI8PIIW","baseKeyType":1,"closed":1756942206427,"used":1756942193677,"created":1756942193677,"remoteIdentityKey":"Bf1+WVcSmXKMaleNPTx+FT+Y1MJYYGvPSb3XIhswVgIz"},"_chains":{"BTJGomppBL4k7vTYiigJQZCBb7ZHABrmRDuqWtkuHbkk":{"chainKey":{"counter":1,"key":"Ca/aLEvz3pb9s1Z7Cx7L1RoteQ12ES5+pq9XqWfeY8s="},"chainType":1,"messageKeys":{}}},"pendingPreKey":{"signedKeyId":1,"baseKey":"BeUmVeCv0Z2k9pGM0ANE/a+q0AskSnXIsobRfFI8PIIW","preKeyId":5}},"Bde6q4SkkJ6bsyRQgbq/lUmUk+Rc/4zgwUtweZavQaI4":{"registrationId":16,"currentRatchet":{"ephemeralKeyPair":{"pubKey":"BaOc4X/+z3Wq9q1232/fwKI7jgHwgLFItCHgLWj++5F+","privKey":"UPzByPuaKBSiV66zstXFCVuBtgujAVP7pSpI2mmPzEA="},"lastRemoteEphemeralKey":"BR36JRpo4xFxC2SdsuoPN7ELtCKi0ibeFJpl1DuMfiJ6","previousCounter":0,"rootKey":"T+sHAMAFLzcB6ew9JDjXdxBkROe7O6Nq1OfKvQxiPeY="},"indexInfo":{"baseKey":"Bde6q4SkkJ6bsyRQgbq/lUmUk+Rc/4zgwUtweZavQaI4","baseKeyType":1,"closed":1756942233198,"used":1756942206426,"created":1756942206426,"remoteIdentityKey":"Bf1+WVcSmXKMaleNPTx+FT+Y1MJYYGvPSb3XIhswVgIz"},"_chains":{"BaOc4X/+z3Wq9q1232/fwKI7jgHwgLFItCHgLWj++5F+":{"chainKey":{"counter":1,"key":"r7GpnsIIk4QKj41GOCCuJW9gIgu8uIcEtwbRefYkBOI="},"chainType":1,"messageKeys":{}}},"pendingPreKey":{"signedKeyId":1,"baseKey":"Bde6q4SkkJ6bsyRQgbq/lUmUk+Rc/4zgwUtweZavQaI4","preKeyId":23}},"BUZelWXntuPznsZPhaLXVUuoJmBttkzhIayMgiMqPX91":{"registrationId":16,"currentRatchet":{"ephemeralKeyPair":{"pubKey":"BZdAJKxCPto5kL4/om6d4YxX+rFZXF+NOGSYBlD1uRN1","privKey":"8AfSpjiGtF8oRkBjHGFqB4tIkyLci3s3aMsUmZRdJHk="},"lastRemoteEphemeralKey":"BR36JRpo4xFxC2SdsuoPN7ELtCKi0ibeFJpl1DuMfiJ6","previousCounter":0,"rootKey":"/F4XAs52yPUfSxjHSyMdErB+RhRXGCZgpSLqZSWYIw4="},"indexInfo":{"baseKey":"BUZelWXntuPznsZPhaLXVUuoJmBttkzhIayMgiMqPX91","baseKeyType":1,"closed":1756942252450,"used":1756942233196,"created":1756942233196,"remoteIdentityKey":"Bf1+WVcSmXKMaleNPTx+FT+Y1MJYYGvPSb3XIhswVgIz"},"_chains":{"BZdAJKxCPto5kL4/om6d4YxX+rFZXF+NOGSYBlD1uRN1":{"chainKey":{"counter":1,"key":"FynjG1hq5cUMHxajR3qUQKbXFzd3QdF6jS3m24ZU6xw="},"chainType":1,"messageKeys":{}}},"pendingPreKey":{"signedKeyId":1,"baseKey":"BUZelWXntuPznsZPhaLXVUuoJmBttkzhIayMgiMqPX91","preKeyId":14}},"BcwApRgflgnBVXWXryRmgynhotMl1ratSaDqZV7F7kRg":{"registrationId":16,"currentRatchet":{"ephemeralKeyPair":{"pubKey":"Bce9yr/jYcoIa+bx7aK52FlcGvzdQ4gEnFYVOaLJZ0ss","privKey":"sOom//YN2aZouaMY5Keac1gVI6a1FxVjo5ZmNmWWdm4="},"lastRemoteEphemeralKey":"BR36JRpo4xFxC2SdsuoPN7ELtCKi0ibeFJpl1DuMfiJ6","previousCounter":0,"rootKey":"qVNoEtz2y3zWS0WSz3rsz5gZVmE34sPfhmqMaRaR/h0="},"indexInfo":{"baseKey":"BcwApRgflgnBVXWXryRmgynhotMl1ratSaDqZV7F7kRg","baseKeyType":1,"closed":1756942268147,"used":1756942252449,"created":1756942252449,"remoteIdentityKey":"Bf1+WVcSmXKMaleNPTx+FT+Y1MJYYGvPSb3XIhswVgIz"},"_chains":{"Bce9yr/jYcoIa+bx7aK52FlcGvzdQ4gEnFYVOaLJZ0ss":{"chainKey":{"counter":7,"key":"fINTraNUFJFZOiTvuD2YjzNstbh5aVAkcsxKEULKx1I="},"chainType":1,"messageKeys":{}}},"pendingPreKey":{"signedKeyId":1,"baseKey":"BcwApRgflgnBVXWXryRmgynhotMl1ratSaDqZV7F7kRg","preKeyId":3}},"Bd6d9s1RGI7XKXwtZFxUaihTPMfuMaUsPcPw0J4YVKAU":{"registrationId":16,"currentRatchet":{"ephemeralKeyPair":{"pubKey":"BSi4O2xONB0FVhY2etz+gkWeEy/3WZmGdgyF5VujKtEc","privKey":"SC0rI5iJ/MhFZKA+2hrOCCC8NFIfHuKZZqO1dSTcAnk="},"lastRemoteEphemeralKey":"BR36JRpo4xFxC2SdsuoPN7ELtCKi0ibeFJpl1DuMfiJ6","previousCounter":0,"rootKey":"VJ9jSq60JlPY773ojrcUSHeDiSRstcETNYSbPRmGW2s="},"indexInfo":{"baseKey":"Bd6d9s1RGI7XKXwtZFxUaihTPMfuMaUsPcPw0J4YVKAU","baseKeyType":1,"closed":1756942273398,"used":1756942268146,"created":1756942268146,"remoteIdentityKey":"Bf1+WVcSmXKMaleNPTx+FT+Y1MJYYGvPSb3XIhswVgIz"},"_chains":{"BSi4O2xONB0FVhY2etz+gkWeEy/3WZmGdgyF5VujKtEc":{"chainKey":{"counter":-1,"key":"y3bJdefJixbGoVrJDfqCbJHIPnNY7bA+Ez3WZcfPQqo="},"chainType":1,"messageKeys":{}}},"pendingPreKey":{"signedKeyId":1,"baseKey":"Bd6d9s1RGI7XKXwtZFxUaihTPMfuMaUsPcPw0J4YVKAU","preKeyId":1}},"BSAuW153zspEA8i6Nqn1zvd7uKOl60EGsUSG0HRbO55y":{"registrationId":16,"currentRatchet":{"ephemeralKeyPair":{"pubKey":"BTXrvZ1eQNEl3zlGfCiYM97bNtrs+J75kpl98WfgD0tp","privKey":"EEasuEM3eQtn3nzCfp2oU40qEY80RN3eg3K/Ui8Bv1g="},"lastRemoteEphemeralKey":"BR36JRpo4xFxC2SdsuoPN7ELtCKi0ibeFJpl1DuMfiJ6","previousCounter":0,"rootKey":"CT9tGTeO5e4MxYvRsXZw1jq0nJeEWEadGtU99Xa9/pc="},"indexInfo":{"baseKey":"BSAuW153zspEA8i6Nqn1zvd7uKOl60EGsUSG0HRbO55y","baseKeyType":1,"closed":1756942278655,"used":1756942273396,"created":1756942273396,"remoteIdentityKey":"Bf1+WVcSmXKMaleNPTx+FT+Y1MJYYGvPSb3XIhswVgIz"},"_chains":{"BTXrvZ1eQNEl3zlGfCiYM97bNtrs+J75kpl98WfgD0tp":{"chainKey":{"counter":-1,"key":"yxzi2TTsgi5+M1eoFA78g9iG3wIkdH0LXFcO0m+GIhE="},"chainType":1,"messageKeys":{}}},"pendingPreKey":{"signedKeyId":1,"baseKey":"BSAuW153zspEA8i6Nqn1zvd7uKOl60EGsUSG0HRbO55y","preKeyId":10}},"BdwkGSgz/hmQa79XHoWDY4TLxcp0oz7lLjdV2l09Ab1n":{"registrationId":16,"currentRatchet":{"ephemeralKeyPair":{"pubKey":"BaIc4ZzB3o25Bek2qaOh61Tl/n3cA9Gut+Cn4nEDtTcu","privKey":"YGsZhNr+iFc6blBcc9CdT6OwsAiAQWVeRbuDj8e52Fc="},"lastRemoteEphemeralKey":"BR36JRpo4xFxC2SdsuoPN7ELtCKi0ibeFJpl1DuMfiJ6","previousCounter":0,"rootKey":"DRgN2Gik46AXOA8m+lDCcn68D0/BUKLR6tGlRMCjzm8="},"indexInfo":{"baseKey":"BdwkGSgz/hmQa79XHoWDY4TLxcp0oz7lLjdV2l09Ab1n","baseKeyType":1,"closed":1756942283908,"used":1756942278654,"created":1756942278654,"remoteIdentityKey":"Bf1+WVcSmXKMaleNPTx+FT+Y1MJYYGvPSb3XIhswVgIz"},"_chains":{"BaIc4ZzB3o25Bek2qaOh61Tl/n3cA9Gut+Cn4nEDtTcu":{"chainKey":{"counter":-1,"key":"q1yP0e9lsRXZnlj5rcp3lZ7YRt/D0ajLcgjGHUqUc+g="},"chainType":1,"messageKeys":{}}},"pendingPreKey":{"signedKeyId":1,"baseKey":"BdwkGSgz/hmQa79XHoWDY4TLxcp0oz7lLjdV2l09Ab1n","preKeyId":16}},"BZ63ymTqAKgaADBdKhpjBS0tNycS8Ghc/+DW577eqhAe":{"registrationId":16,"currentRatchet":{"ephemeralKeyPair":{"pubKey":"BVU9m1M/2wA5qhbNb7WEAqd5/M3IdeHnzStENoElsvUh","privKey":"wCdC2CWK/Ai0e28mh/CIhkFzD+zcQ/ATudvW5en6jUk="},"lastRemoteEphemeralKey":"BR36JRpo4xFxC2SdsuoPN7ELtCKi0ibeFJpl1DuMfiJ6","previousCounter":0,"rootKey":"PtbTHYbRe0Sft3uqa0FuQcJZtnUdzn8rnUvD7wWSwzk="},"indexInfo":{"baseKey":"BZ63ymTqAKgaADBdKhpjBS0tNycS8Ghc/+DW577eqhAe","baseKeyType":1,"closed":1756942297697,"used":1756942283906,"created":1756942283906,"remoteIdentityKey":"Bf1+WVcSmXKMaleNPTx+FT+Y1MJYYGvPSb3XIhswVgIz"},"_chains":{"BVU9m1M/2wA5qhbNb7WEAqd5/M3IdeHnzStENoElsvUh":{"chainKey":{"counter":3,"key":"3/5fVizo1Q8O7cnRQph+xeNiH/gegeVe9XbrepBphfc="},"chainType":1,"messageKeys":{}}},"pendingPreKey":{"signedKeyId":1,"baseKey":"BZ63ymTqAKgaADBdKhpjBS0tNycS8Ghc/+DW577eqhAe","preKeyId":28}},"BZjAOaOeQfmgXEl1zx7dtBFVtBqx3gpqASYEATEV3TdS":{"registrationId":16,"currentRatchet":{"ephemeralKeyPair":{"pubKey":"BScRM9G15An4e+75+nygYrkvRlAcRZctMWXMtRikIoYA","privKey":"cG3qSh+MYMlix5IKVnsprPVFFVk6o5AYDzOjqLH4JFk="},"lastRemoteEphemeralKey":"BR36JRpo4xFxC2SdsuoPN7ELtCKi0ibeFJpl1DuMfiJ6","previousCounter":0,"rootKey":"1U4OoDJzCOP8K4ERmFAbCiZ3CjAOqeJPgyEg9w3LspQ="},"indexInfo":{"baseKey":"BZjAOaOeQfmgXEl1zx7dtBFVtBqx3gpqASYEATEV3TdS","baseKeyType":1,"closed":1756942302936,"used":1756942297694,"created":1756942297694,"remoteIdentityKey":"Bf1+WVcSmXKMaleNPTx+FT+Y1MJYYGvPSb3XIhswVgIz"},"_chains":{"BScRM9G15An4e+75+nygYrkvRlAcRZctMWXMtRikIoYA":{"chainKey":{"counter":-1,"key":"E3WBmE95K9a3ytgRW1WKj72bBwDwsebfpgoNEOydcTM="},"chainType":1,"messageKeys":{}}},"pendingPreKey":{"signedKeyId":1,"baseKey":"BZjAOaOeQfmgXEl1zx7dtBFVtBqx3gpqASYEATEV3TdS","preKeyId":18}},"Bfg88KaTn2slgh1Fj8Gvj6s8cT9pnNEO9BBLIXGVKqZO":{"registrationId":16,"currentRatchet":{"ephemeralKeyPair":{"pubKey":"BZEs0q3pJ5Coq7x/TNnHXFJxwUYKPCAbNVGRjKqmjIhi","privKey":"EJg8cdJA1CeTf4/eHAfaRwmrpQf+22FmZH0bi6ESU2k="},"lastRemoteEphemeralKey":"BR36JRpo4xFxC2SdsuoPN7ELtCKi0ibeFJpl1DuMfiJ6","previousCounter":0,"rootKey":"kuW2SqJEWtiFWT8GWNzkYeZqRYjROhsxutOxN6FLU8o="},"indexInfo":{"baseKey":"Bfg88KaTn2slgh1Fj8Gvj6s8cT9pnNEO9BBLIXGVKqZO","baseKeyType":1,"closed":1756942342555,"used":1756942302935,"created":1756942302935,"remoteIdentityKey":"Bf1+WVcSmXKMaleNPTx+FT+Y1MJYYGvPSb3XIhswVgIz"},"_chains":{"BZEs0q3pJ5Coq7x/TNnHXFJxwUYKPCAbNVGRjKqmjIhi":{"chainKey":{"counter":1,"key":"XVMRz5MgJHP7LLN9zVId6IXz8lo+vCtoaP7Tz+QogDY="},"chainType":1,"messageKeys":{}}},"pendingPreKey":{"signedKeyId":1,"baseKey":"Bfg88KaTn2slgh1Fj8Gvj6s8cT9pnNEO9BBLIXGVKqZO","preKeyId":17}},"BWSorrqWBLLBCD27fTG34ffynr7MmqcB9NC/4/sFSSRF":{"registrationId":16,"currentRatchet":{"ephemeralKeyPair":{"pubKey":"BazO1+7xIgjSvy5X50EWwQKT41Dj4DzzwzY2KBwFKMQK","privKey":"+JFayeOcYgkipxJ9thAXxOW10vBdTE7/nbwZrVpWaE4="},"lastRemoteEphemeralKey":"BR36JRpo4xFxC2SdsuoPN7ELtCKi0ibeFJpl1DuMfiJ6","previousCounter":0,"rootKey":"A9oq2fWadH2JqJwdFwyLzn5kFVH4qbMrL8uRMDmk+hc="},"indexInfo":{"baseKey":"BWSorrqWBLLBCD27fTG34ffynr7MmqcB9NC/4/sFSSRF","baseKeyType":1,"closed":1756942359769,"used":1756942342554,"created":1756942342554,"remoteIdentityKey":"Bf1+WVcSmXKMaleNPTx+FT+Y1MJYYGvPSb3XIhswVgIz"},"_chains":{"BazO1+7xIgjSvy5X50EWwQKT41Dj4DzzwzY2KBwFKMQK":{"chainKey":{"counter":1,"key":"TDuEQW0qX0d0GslIg1pVt6Q41gD7WVMa4ZDhpLjzP6U="},"chainType":1,"messageKeys":{}}},"pendingPreKey":{"signedKeyId":1,"baseKey":"BWSorrqWBLLBCD27fTG34ffynr7MmqcB9NC/4/sFSSRF","preKeyId":25}},"BZ9ddD/LALF7zZ6KlDxJoib8WlWtQRGQQtBbuS0jhD8i":{"registrationId":16,"currentRatchet":{"ephemeralKeyPair":{"pubKey":"BbCXNei+Ylv7m4OH7KtZ36Qi4SBssR6dfvyjsUrkM3tM","privKey":"kFdLElrxJU/GCmQJdgiv7b+JqEAbjRwteZhJq7gsF2U="},"lastRemoteEphemeralKey":"BR36JRpo4xFxC2SdsuoPN7ELtCKi0ibeFJpl1DuMfiJ6","previousCounter":0,"rootKey":"J+jabNq6RfIBn8QPm0JtX8yCC6U9mf6tNPW+C04yLKI="},"indexInfo":{"baseKey":"BZ9ddD/LALF7zZ6KlDxJoib8WlWtQRGQQtBbuS0jhD8i","baseKeyType":1,"closed":1756942377000,"used":1756942359767,"created":1756942359767,"remoteIdentityKey":"Bf1+WVcSmXKMaleNPTx+FT+Y1MJYYGvPSb3XIhswVgIz"},"_chains":{"BbCXNei+Ylv7m4OH7KtZ36Qi4SBssR6dfvyjsUrkM3tM":{"chainKey":{"counter":5,"key":"e8YW9tMoyLXpMaGkFly/N+CjEnoQfY+5KmIaZybpJM8="},"chainType":1,"messageKeys":{}}},"pendingPreKey":{"signedKeyId":1,"baseKey":"BZ9ddD/LALF7zZ6KlDxJoib8WlWtQRGQQtBbuS0jhD8i","preKeyId":22}},"Bev1CcoSBX84bAidbEd7jwHdKOXFJlU59Cu+nsa1ewtk":{"registrationId":16,"currentRatchet":{"ephemeralKeyPair":{"pubKey":"BRM3apj79JKtZAVpXB2YU7Ugo2jFfp52PZc/FcOWLmoy","privKey":"YC/TJMQswxZE2cCHnx1UK0HEvC7amGehV8CcdP6HlVo="},"lastRemoteEphemeralKey":"BR36JRpo4xFxC2SdsuoPN7ELtCKi0ibeFJpl1DuMfiJ6","previousCounter":0,"rootKey":"BX6jThtvgTOhDAfIfmA/uHOYqFMsY/AKlkPszCmoW6s="},"indexInfo":{"baseKey":"Bev1CcoSBX84bAidbEd7jwHdKOXFJlU59Cu+nsa1ewtk","baseKeyType":1,"closed":1756942382256,"used":1756942376998,"created":1756942376998,"remoteIdentityKey":"Bf1+WVcSmXKMaleNPTx+FT+Y1MJYYGvPSb3XIhswVgIz"},"_chains":{"BRM3apj79JKtZAVpXB2YU7Ugo2jFfp52PZc/FcOWLmoy":{"chainKey":{"counter":-1,"key":"DMFAMaeC34Vlz5gtS8H37reTqdxNr47m0IEv/vicLJ8="},"chainType":1,"messageKeys":{}}},"pendingPreKey":{"signedKeyId":1,"baseKey":"Bev1CcoSBX84bAidbEd7jwHdKOXFJlU59Cu+nsa1ewtk","preKeyId":29}},"BYQUuMa9DkCzwa8I/bUPzfMzWNAQGV1BOznIidpVT5lz":{"registrationId":16,"currentRatchet":{"ephemeralKeyPair":{"pubKey":"BTwOqBtoGjW6TLkBQciqEggt7yE4h6E5OKD4I1jA9ZBj","privKey":"APQT15BuGIm5Mz6qAd5IUOqtj3aOcW+jDiUTwXwNyXs="},"lastRemoteEphemeralKey":"BR36JRpo4xFxC2SdsuoPN7ELtCKi0ibeFJpl1DuMfiJ6","previousCounter":0,"rootKey":"LjtH4cIry5qLhe+Kk29v4/X1xJyxmu7trwDQnt5ZBOc="},"indexInfo":{"baseKey":"BYQUuMa9DkCzwa8I/bUPzfMzWNAQGV1BOznIidpVT5lz","baseKeyType":1,"closed":1756942387507,"used":1756942382254,"created":1756942382254,"remoteIdentityKey":"Bf1+WVcSmXKMaleNPTx+FT+Y1MJYYGvPSb3XIhswVgIz"},"_chains":{"BTwOqBtoGjW6TLkBQciqEggt7yE4h6E5OKD4I1jA9ZBj":{"chainKey":{"counter":-1,"key":"mm2uHDLfi8TmeBMUx4O6GhnFfFhz/e0ntFQoNru/SKU="},"chainType":1,"messageKeys":{}}},"pendingPreKey":{"signedKeyId":1,"baseKey":"BYQUuMa9DkCzwa8I/bUPzfMzWNAQGV1BOznIidpVT5lz","preKeyId":19}},"BaKJA2O+X9O/04oAv8qzSrzz0uxHXl1p8E/Cu94FZ5xv":{"registrationId":16,"currentRatchet":{"ephemeralKeyPair":{"pubKey":"BWGzFOUIhniq2Ik+5COR3afopKJPsi/+WezkfFAJm7A+","privKey":"SAI/PhogbWbIeUgT2HvkKMp+vzEGXYJmhrTx23cdCms="},"lastRemoteEphemeralKey":"BR36JRpo4xFxC2SdsuoPN7ELtCKi0ibeFJpl1DuMfiJ6","previousCounter":0,"rootKey":"9YvcAO+wJBLEilVkZs1P5gwAsP+gD9hmg4iq3IUy9Qw="},"indexInfo":{"baseKey":"BaKJA2O+X9O/04oAv8qzSrzz0uxHXl1p8E/Cu94FZ5xv","baseKeyType":1,"closed":1756942407631,"used":1756942387505,"created":1756942387505,"remoteIdentityKey":"Bf1+WVcSmXKMaleNPTx+FT+Y1MJYYGvPSb3XIhswVgIz"},"_chains":{"BWGzFOUIhniq2Ik+5COR3afopKJPsi/+WezkfFAJm7A+":{"chainKey":{"counter":1,"key":"7H1PPBXsHaTtFdf1ItZPa58m2sopR7WzPAux7P+Lkso="},"chainType":1,"messageKeys":{}}},"pendingPreKey":{"signedKeyId":1,"baseKey":"BaKJA2O+X9O/04oAv8qzSrzz0uxHXl1p8E/Cu94FZ5xv","preKeyId":7}},"BUimAPk9XSnpci3+OUPePNjfV48OYABnTrw6mRsm8xIc":{"registrationId":16,"currentRatchet":{"ephemeralKeyPair":{"pubKey":"BViF6NvWancS2P7y5p89mCvIco5GQDjtcg8BWr0o1Cl6","privKey":"YDF7TyIl6Au0ffxKfe+TW/w3A4Nsx/e7RYHwMNwWZ04="},"lastRemoteEphemeralKey":"BR36JRpo4xFxC2SdsuoPN7ELtCKi0ibeFJpl1DuMfiJ6","previousCounter":0,"rootKey":"EGgqd5xQPc57yVhcggxeEG72LmAm2OppL9Ej1rGhkTg="},"indexInfo":{"baseKey":"BUimAPk9XSnpci3+OUPePNjfV48OYABnTrw6mRsm8xIc","baseKeyType":1,"closed":-1,"used":1756942407629,"created":1756942407629,"remoteIdentityKey":"Bf1+WVcSmXKMaleNPTx+FT+Y1MJYYGvPSb3XIhswVgIz"},"_chains":{"BViF6NvWancS2P7y5p89mCvIco5GQDjtcg8BWr0o1Cl6":{"chainKey":{"counter":49,"key":"pqBJBAW3P88Q2Cf8789nEVc6FsZK3gyj05o2G0N8e3I="},"chainType":1,"messageKeys":{}}},"pendingPreKey":{"signedKeyId":1,"baseKey":"BUimAPk9XSnpci3+OUPePNjfV48OYABnTrw6mRsm8xIc"}}},"version":"v1"}