{"_sessions":{"BetTnIFOsgTr+by03iFS6rqQ37o4APm9kNTNaL7W5dsl":{"registrationId":10,"currentRatchet":{"ephemeralKeyPair":{"pubKey":"BUSvQFfjrUkuqgort9WB07IXYxIG4kjkgQHUkl334KYd","privKey":"SBMcAz0S6mUljxgS6ORmssMcKmj2mp+h8WL864aXcnc="},"lastRemoteEphemeralKey":"BVwnMp7w6FZeps11kDCKOPOc+uAjzxejVqmeQTU/nIo2","previousCounter":0,"rootKey":"kpnIbTPj6N+/Fmu/KlmgTWnD1ZWHo6AbYMCGO/dQsfE="},"indexInfo":{"baseKey":"BetTnIFOsgTr+by03iFS6rqQ37o4APm9kNTNaL7W5dsl","baseKeyType":1,"closed":1756957281404,"used":1756957281270,"created":1756957281270,"remoteIdentityKey":"BWmnvzIHUv0HwOEoA/NQlTCmpnqb9wP7Dm0fvnRJtuwC"},"_chains":{"BUSvQFfjrUkuqgort9WB07IXYxIG4kjkgQHUkl334KYd":{"chainKey":{"counter":0,"key":"haQe7nkD8QfwHh9YQ3QHIMj10iwnBwuNTCY0rzs4Yio="},"chainType":1,"messageKeys":{}}},"pendingPreKey":{"signedKeyId":1,"baseKey":"BetTnIFOsgTr+by03iFS6rqQ37o4APm9kNTNaL7W5dsl","preKeyId":24}},"BSNbHidoFEmdM0YSmP8B9q2jWGFgjYe1kns/7SQVMjsM":{"registrationId":10,"currentRatchet":{"ephemeralKeyPair":{"pubKey":"BWlzGHgWnCt8prF+NaDH8R+oxZzsxHywEKESIEIq65Ju","privKey":"mFJ6K1z2QhabZzc3B2nR8T0GB/hFbozNzgcY6aRrBXo="},"lastRemoteEphemeralKey":"BVwnMp7w6FZeps11kDCKOPOc+uAjzxejVqmeQTU/nIo2","previousCounter":0,"rootKey":"VBLv+ynGZG+C9fDgBxYdCvIvDKLXtUAAMLfjestpJd4="},"indexInfo":{"baseKey":"BSNbHidoFEmdM0YSmP8B9q2jWGFgjYe1kns/7SQVMjsM","baseKeyType":1,"closed":-1,"used":1756957281401,"created":1756957281401,"remoteIdentityKey":"BWmnvzIHUv0HwOEoA/NQlTCmpnqb9wP7Dm0fvnRJtuwC"},"_chains":{"BWlzGHgWnCt8prF+NaDH8R+oxZzsxHywEKESIEIq65Ju":{"chainKey":{"counter":0,"key":"WCYlLIS6/1wyEDBww7lBLOodX3tNAsCYF5xbqDc9O3w="},"chainType":1,"messageKeys":{}}},"pendingPreKey":{"signedKeyId":1,"baseKey":"BSNbHidoFEmdM0YSmP8B9q2jWGFgjYe1kns/7SQVMjsM","preKeyId":3}}},"version":"v1"}