{"_sessions":{"BXaJtDjb5qSFus0vfLomy8MCqKaaq8o3k8BTZpDR+Ncp":{"registrationId":48,"currentRatchet":{"ephemeralKeyPair":{"pubKey":"BY6ZMGkCe+xRDAbySpCEELzsT45ucKABee4t+l3Alj8F","privKey":"AJyoQJIje28XfjhDBlDenyLFzrs7Eu9XcIWNmTNZRnc="},"lastRemoteEphemeralKey":"BZ4ofnvzd8A40Ou28IGzE7fo5mgbZxqxQk4S2oLMMMww","previousCounter":0,"rootKey":"L7saFXjvr+0bBZUX+R32dHu5ueOxR05bWsTQDLnvsyI="},"indexInfo":{"baseKey":"BXaJtDjb5qSFus0vfLomy8MCqKaaq8o3k8BTZpDR+Ncp","baseKeyType":1,"closed":-1,"used":1756941963526,"created":1756941963526,"remoteIdentityKey":"BdQ+Biq6u6YJUbTRu79aLMwPOEE2jjhap3GjErxuXSNQ"},"_chains":{"BY6ZMGkCe+xRDAbySpCEELzsT45ucKABee4t+l3Alj8F":{"chainKey":{"counter":100,"key":"sSIkoA9UmBS+fEriAqj7up+Elqs1ie9ghjbC4qUAltw="},"chainType":1,"messageKeys":{}}},"pendingPreKey":{"signedKeyId":1,"baseKey":"BXaJtDjb5qSFus0vfLomy8MCqKaaq8o3k8BTZpDR+Ncp"}}},"version":"v1"}