{"_sessions":{"BcsI6oKMUuaBmEFk+IHZm8WJV2+j/KrSnZy8lsUHPUEJ":{"registrationId":1929979951,"currentRatchet":{"ephemeralKeyPair":{"pubKey":"BWaXIczSvc5G6c3mSL4miEjpBhc3hJNEb/ZzPoh3LUkh","privKey":"SDheBF5GDzng75tmPnlv3Wh8MdQDvh8CK0zCgDpcPHg="},"lastRemoteEphemeralKey":"Bfzij00zsaKkLBY7YWEcye3IEmh7n2OJlPW2am1BKxlt","previousCounter":0,"rootKey":"68deKprzSFO7vZg17YhpnmMWMg4Lp2rjitFGLnUR4cA="},"indexInfo":{"baseKey":"BcsI6oKMUuaBmEFk+IHZm8WJV2+j/KrSnZy8lsUHPUEJ","baseKeyType":2,"closed":-1,"used":1756955292478,"created":1756955292478,"remoteIdentityKey":"BbzlMmeivO8M8ytwuEgpYkHdayRXj9C4zh1Tw4uSzy5C"},"_chains":{"Bfzij00zsaKkLBY7YWEcye3IEmh7n2OJlPW2am1BKxlt":{"chainKey":{"counter":0,"key":"S+yYnaFuGhWw2WZkoRBCI8Mk2aPeXYYVmeZOTQlpAXg="},"chainType":2,"messageKeys":{}},"BWaXIczSvc5G6c3mSL4miEjpBhc3hJNEb/ZzPoh3LUkh":{"chainKey":{"counter":-1,"key":"JAVTqMmAk9VpCsafAyZQGEE8KtSklKryCX9Me38rSy4="},"chainType":1,"messageKeys":{}}}}},"version":"v1"}