{"_sessions":{"BaJgDN1aNQtN0+RMbtvo+zUOwWqI8pbBXuiEFxMNh1hW":{"registrationId":428515,"currentRatchet":{"ephemeralKeyPair":{"pubKey":"BXcR31rgyPvaovslIFKGSV5+QQ4bMcpWPvAtdbugvuZs","privKey":"AIqp1SVwVPFHzVtySsduQGouO+1r1uwC/ygf/zA9RXk="},"lastRemoteEphemeralKey":"BZLVEN9q2/Rilq3Js+wc4wBmCZMkLREg3dZPcgS8EBY+","previousCounter":23,"rootKey":"eHRCWdk0iotyUaJMpB8o1ERW2OrUwvpvB6r743PKC9Y="},"indexInfo":{"baseKey":"BaJgDN1aNQtN0+RMbtvo+zUOwWqI8pbBXuiEFxMNh1hW","baseKeyType":2,"closed":-1,"used":1756957277075,"created":1756941930681,"remoteIdentityKey":"BT6j68tm2PyVBw44Dq5IIh6bB49GBQT6SHVcWh9VXdIj"},"_chains":{"BdByv55DDNyDhpZfvw6sZVS1TZHptf4BZ0wHrjqOPbl4":{"chainKey":{"counter":7},"chainType":2,"messageKeys":{}},"BWxRdZKIjEMHnXnl5zI1s12d7sOotmWdt/Q7PPu5gKEU":{"chainKey":{"counter":0},"chainType":2,"messageKeys":{}},"BU3DM1xrdaC0HuvaMCCbEaJlo2jh8ZNPFRE9Fv+8Dhdc":{"chainKey":{"counter":0},"chainType":2,"messageKeys":{}},"BTpU6EM6nOTs1s15UGyPLcxXmIMq2cJGiNjX+9dya1N/":{"chainKey":{"counter":0},"chainType":2,"messageKeys":{}},"BdH/cCOpVHgKKUYsKgXvFQeDTVD0UEqu123s2jX85ZV4":{"chainKey":{"counter":2},"chainType":2,"messageKeys":{"0":"/KbsEtbftONm2oWENYn6dND6UPtPjTDcUPvAUUTpwEo=","2":"UpW3ZxOj0idkj4hnDc3uO6UM9ywHKoN+gQ7nwja22Zc="}},"BZLVEN9q2/Rilq3Js+wc4wBmCZMkLREg3dZPcgS8EBY+":{"chainKey":{"counter":0,"key":"rnhPPSiytqT1cMqIW7Lb7j8KA7+SaOTh9M6im9JwPcA="},"chainType":2,"messageKeys":{}},"BXcR31rgyPvaovslIFKGSV5+QQ4bMcpWPvAtdbugvuZs":{"chainKey":{"counter":-1,"key":"HZIp1HSeRLPnptZ6MBvhgoX2yS1bZBW+NRuR6RCzlrA="},"chainType":1,"messageKeys":{}}}}},"version":"v1"}