{"_sessions":{"BcVe12TV8L0mfCnH61Re4GckfVqoF5wBSnz/bYSchZZ0":{"registrationId":16,"currentRatchet":{"ephemeralKeyPair":{"pubKey":"BW4DuUcVQkljr+eqg+YIbtcu36nGsrL/7Z5OFkMAMIhZ","privKey":"qCl0/jPUkH6p4CTIDcvwCHXC7tO2luGr56e6hwev2GQ="},"lastRemoteEphemeralKey":"BR36JRpo4xFxC2SdsuoPN7ELtCKi0ibeFJpl1DuMfiJ6","previousCounter":0,"rootKey":"91NEXYpiMwHN+H/tPI3djZufxwrX9um7sMKh6Qs3qyA="},"indexInfo":{"baseKey":"BcVe12TV8L0mfCnH61Re4GckfVqoF5wBSnz/bYSchZZ0","baseKeyType":1,"closed":1756957281404,"used":1756957281263,"created":1756957281263,"remoteIdentityKey":"Bf1+WVcSmXKMaleNPTx+FT+Y1MJYYGvPSb3XIhswVgIz"},"_chains":{"BW4DuUcVQkljr+eqg+YIbtcu36nGsrL/7Z5OFkMAMIhZ":{"chainKey":{"counter":0,"key":"KAR3JKboEALXQ4rOOlbG3R56bfvlIQ3mpXYq+nTZlE8="},"chainType":1,"messageKeys":{}}},"pendingPreKey":{"signedKeyId":1,"baseKey":"BcVe12TV8L0mfCnH61Re4GckfVqoF5wBSnz/bYSchZZ0"}},"BUIkxcpo1tkCg8/dMm4MkRTS77yxEoKtRLs2n599V5cu":{"registrationId":16,"currentRatchet":{"ephemeralKeyPair":{"pubKey":"Bab8Ga8lTtjyqeu23XBlR/JvYNuU5v2EidRbBtto6QY0","privKey":"OPYSUAO8bTqKw9AnEWpKIjCCAy7yBTuGoelqAmEBU1c="},"lastRemoteEphemeralKey":"BR36JRpo4xFxC2SdsuoPN7ELtCKi0ibeFJpl1DuMfiJ6","previousCounter":0,"rootKey":"jhoX4DEeRGamXymvVU/ErBmH6gGzFx0BUEDykRLPM9o="},"indexInfo":{"baseKey":"BUIkxcpo1tkCg8/dMm4MkRTS77yxEoKtRLs2n599V5cu","baseKeyType":1,"closed":-1,"used":1756957281396,"created":1756957281396,"remoteIdentityKey":"Bf1+WVcSmXKMaleNPTx+FT+Y1MJYYGvPSb3XIhswVgIz"},"_chains":{"Bab8Ga8lTtjyqeu23XBlR/JvYNuU5v2EidRbBtto6QY0":{"chainKey":{"counter":0,"key":"kpVFa4m6MJcO5E0aESdwdN4IJpdRL98mRxGMb17xyc0="},"chainType":1,"messageKeys":{}}},"pendingPreKey":{"signedKeyId":1,"baseKey":"BUIkxcpo1tkCg8/dMm4MkRTS77yxEoKtRLs2n599V5cu"}}},"version":"v1"}